<?xml versión="1.0" encoding="UFT-8"?>
<mensaje>
   <remitente>
      <nombre>
         Alfredo Reino
      </nombre>
      <email>
         alf@ibium.com
      </email>
    </remitente>

    <destinatario>
      <nombre>
         Bill Cliton
      </nombre>
      <email>
         president@whitehouse.gov
      </email>
    </destinatario>

    <asunto> 
       Hola Bill
    </asunto>

    <texto>
       <parrafo> 
          ¿Hola qué tal?
        </parrafo>
        <parrafo> 
          Hace mucho tiempo que no escribes. A ver si llamas y quedamos pronto.
        </parrafo>
        <parrafo> 
          Un Saludo
        </parrafo>
    </texto>

</mensaje>
