<?xml version="1.0" encoding= "iso-8859-1"?>
<exámenes> 
    <materia> 
       <nombre>Lenguaje de marcas</nombre>
       <aprobados>15</aprobados>
       <suspensos>10</suspensos>
       <unidades>4</unidades>
    </materia>
    <materia> 
       <nombre>sistemas operativos</nombre>
       <aprobados>5</aprobados>
       <suspensos>20</suspensos>
       <unidades>5</unidades>
    </materia>
    <materia> 
       <nombre>Programación</nombre>
       <aprobados>17</aprobados>
       <suspensos>8</suspensos>
       <unidades>5</unidades>
    </materia>
</exámenes>
